DateTime,Impact,Description
2026-07-09 12:30:00,High,CPI (Consumer Price Index MoM)
2026-07-10 14:00:00,High,FOMC Meeting Minutes
2026-07-11 12:30:00,High,PPI (Producer Price Index MoM)
2026-07-30 18:00:00,High,FOMC Interest Rate Decision
2026-07-30 18:30:00,High,Fed Press Conference (Powell)
2026-08-08 12:30:00,High,Non-Farm Payrolls (NFP) & Unemployment Rate
2026-08-12 12:30:00,High,CPI (Consumer Price Index MoM)
2026-08-26 14:00:00,High,Jackson Hole - Fed Chair Speech
2026-09-17 18:00:00,High,FOMC Interest Rate Decision
2026-09-17 18:30:00,High,Fed Press Conference (Powell)
2026-09-25 12:30:00,High,GDP (Annualized QoQ)
2026-10-02 12:30:00,High,Non-Farm Payrolls (NFP) & Unemployment Rate
2026-10-14 12:30:00,High,CPI (Consumer Price Index MoM)
2026-11-05 18:00:00,High,FOMC Interest Rate Decision
2026-11-05 18:30:00,High,Fed Press Conference (Powell)
